-- MySQL dump 10.13  Distrib 9.4.0, for macos15.4 (arm64)
--
-- Host: 127.0.0.1    Database: spk_aras
-- ------------------------------------------------------
-- Server version	9.4.0

/*!40101 SET @OLD_CHARACTER_SET_CLIENT=@@CHARACTER_SET_CLIENT */;
/*!40101 SET @OLD_CHARACTER_SET_RESULTS=@@CHARACTER_SET_RESULTS */;
/*!40101 SET @OLD_COLLATION_CONNECTION=@@COLLATION_CONNECTION */;
/*!50503 SET NAMES utf8mb4 */;
/*!40103 SET @OLD_TIME_ZONE=@@TIME_ZONE */;
/*!40103 SET TIME_ZONE='+00:00' */;
/*!40014 SET @OLD_UNIQUE_CHECKS=@@UNIQUE_CHECKS, UNIQUE_CHECKS=0 */;
/*!40014 SET @OLD_FOREIGN_KEY_CHECKS=@@FOREIGN_KEY_CHECKS, FOREIGN_KEY_CHECKS=0 */;
/*!40101 SET @OLD_SQL_MODE=@@SQL_MODE, SQL_MODE='NO_AUTO_VALUE_ON_ZERO' */;
/*!40111 SET @OLD_SQL_NOTES=@@SQL_NOTES, SQL_NOTES=0 */;

--
-- Table structure for table `alternatif`
--

DROP TABLE IF EXISTS `alternatif`;
/*!40101 SET @saved_cs_client     = @@character_set_client */;
/*!50503 SET character_set_client = utf8mb4 */;
CREATE TABLE `alternatif` (
  `id` bigint unsigned NOT NULL AUTO_INCREMENT,
  `nama` varchar(255) COLLATE utf8mb4_unicode_ci NOT NULL,
  `created_at` timestamp NULL DEFAULT NULL,
  `updated_at` timestamp NULL DEFAULT NULL,
  PRIMARY KEY (`id`)
) ENGINE=InnoDB AUTO_INCREMENT=125 DEFAULT CHARSET=utf8mb4 COLLATE=utf8mb4_unicode_ci;
/*!40101 SET character_set_client = @saved_cs_client */;

--
-- Dumping data for table `alternatif`
--

LOCK TABLES `alternatif` WRITE;
/*!40000 ALTER TABLE `alternatif` DISABLE KEYS */;
INSERT INTO `alternatif` VALUES (1,'ABID AQILA PRATAMA',NULL,NULL),(2,'ABRAHAM RAYYAN EFENDI',NULL,NULL),(3,'ACHMAD FAHRI HERMANSYAH',NULL,NULL),(4,'ACHMAD RAFFA SANTOSO',NULL,NULL),(5,'ACHMAD RAFFI SANTOSO',NULL,NULL),(6,'ADAM RADITIA SANTUSO',NULL,NULL),(7,'ADEVA EKA NUR FEBRIANA',NULL,NULL),(8,'ADINDA NUR FADILLA',NULL,NULL),(9,'ADIVA AFSEEN MYESHA',NULL,NULL),(10,'AFIKA AINUR FA\'IZAH',NULL,NULL),(11,'AHMAD BUERHANDIKA DWI TIRTA',NULL,NULL),(12,'AHMAD ILHAM SETIAWAN',NULL,NULL),(13,'AHMAD JULIYANTO RAMADANI',NULL,NULL),(14,'AHMAD LUTFI HASAN',NULL,NULL),(15,'AHMAD NOVAL DWIYANTO',NULL,NULL),(16,'AHMAD RAVIEL HITO PUTRA',NULL,NULL),(17,'AHMAD ROFIQULA\'LA SIROJUDIN',NULL,NULL),(18,'AKIFA DURAIYA AFSANY',NULL,NULL),(19,'AKILA APRILIA ZULFITASARI',NULL,NULL),(20,'AKMAL FARZANAGHANI',NULL,NULL),(21,'AKMAL WAFA AL ASY\'ARI',NULL,NULL),(22,'ALIFAH ARDHINA',NULL,NULL),(23,'ALZENA ELEANOR AQEELA',NULL,NULL),(24,'ANDIKA FADHILA ARDIANTO',NULL,NULL),(25,'ANGELINA RAMADHANISSA\'IDAH',NULL,NULL),(26,'ANINDITA KEISA ZAHRA',NULL,NULL),(27,'AQILLA FATIYYATURRAHMA',NULL,NULL),(28,'ASILLAH MUNICA PUTRI',NULL,NULL),(29,'ASKHABUL KHAFI',NULL,NULL),(30,'AVINEZ AURELYDA SETIAWAN',NULL,NULL),(31,'AWANDA NAUFAL',NULL,NULL),(32,'AZRIL HAIKAL FARIQ',NULL,NULL),(33,'BA\'DYA MUHAMMAD YUSUF HARTOYO',NULL,NULL),(34,'BASTIAN ABID ATHARIZ',NULL,NULL),(35,'BIMA CANDRA WIGUNA',NULL,NULL),(36,'BRIAN JULIO ALFARO',NULL,NULL),(37,'BRILLIANT NARENDRA UTOMO',NULL,NULL),(38,'DANA PANGESTU',NULL,NULL),(39,'DANILO ADIASTA FEBRIAN',NULL,NULL),(40,'DANU PRATAMA',NULL,NULL),(41,'DEVANYA JULITA RIZKY HARIANTO',NULL,NULL),(42,'DEVARANI AQILAH PUTRI',NULL,NULL),(43,'DIANDRA TRIUTOMO',NULL,NULL),(44,'DINDA RACHEL FATMALA',NULL,NULL),(45,'DISKHA PUTRI ANGGRAENI',NULL,NULL),(46,'DITA ELEN NAFIZAH',NULL,NULL),(47,'DWI SAPUTRA',NULL,NULL),(48,'ELOK ROZITA NAIRA',NULL,NULL),(49,'ERLINDA AMELIA SEPTIANA PUTRI',NULL,NULL),(50,'ESHAL PUTRI NURIN NAJWA',NULL,NULL),(51,'FATHAN AL - FAHREZA',NULL,NULL),(52,'FATIMATUL ZAHRO',NULL,NULL),(53,'FELINDA PUTRI WAHYUDI',NULL,NULL),(54,'FERO SHOLAHUDIN',NULL,NULL),(55,'GILDA MAURA OKTAVIA',NULL,NULL),(56,'HAFIDHOH ZAHRANI ARRUM SEPTIYA PUTRI',NULL,NULL),(57,'HAFIZA KAIRA LUBNA',NULL,NULL),(58,'HAFIZH ALVARO AA NUR AGFI',NULL,NULL),(59,'HAZIQ AHZA',NULL,NULL),(60,'IRSYAD AL GHIFARI MULYA',NULL,NULL),(61,'IRSYAD SARFRAZ ABQARY',NULL,NULL),(62,'JOVANKA KEYRA NUR MAULIDYA',NULL,NULL),(63,'JUNI ADITYA PRATAMA',NULL,NULL),(64,'LAYLI ROSYIDA',NULL,NULL),(65,'LEO KUSNAJAR',NULL,NULL),(66,'M. ILHAM SABILAL MUTTAQIN',NULL,NULL),(67,'M. NAUFAL VIRENDRA SHAFWAN',NULL,NULL),(68,'M. SHAKA ARKA WIRATAMA',NULL,NULL),(69,'M. TRYVANDA RAFKA SAPUTRA',NULL,NULL),(70,'MAHARANI SHEILA ANINDITA',NULL,NULL),(71,'MARITZA CHAYRA NADHIFA',NULL,NULL),(72,'MIKHAYLA ALYSAHADI',NULL,NULL),(73,'MOCH FITRAUL FAHRY',NULL,NULL),(74,'MOH ADAM ALBAR ALHAKIM',NULL,NULL),(75,'MOH. FAISAL FIRMANSAH',NULL,NULL),(76,'MOHAMAD AGUNG LAKSONO',NULL,NULL),(77,'MOHAMAD DESTRA SURYA PRANATA',NULL,NULL),(78,'MOHAMAD ULIL ABSOR',NULL,NULL),(79,'MOHAMMAD GINO WIRA SAPUTRA',NULL,NULL),(80,'MOHAMMAD NIZAM FERDIANSYAH',NULL,NULL),(81,'MOHAMMAD RENDYANSAH',NULL,NULL),(82,'MUFIKA MAYDHITA MUSTONO',NULL,NULL),(83,'MUHAMMAD ABI HANAFI',NULL,NULL),(84,'MUHAMMAD AGUS SETIA',NULL,NULL),(85,'MUHAMMAD ARVINO NAZRIL RASHAAD',NULL,NULL),(86,'MUHAMMAD ASYAM RAZIQ DERYA RAMADHAN',NULL,NULL),(87,'MUHAMMAD RAFASYA ADITYA SAPUTRA',NULL,NULL),(88,'MUHAMMAD RAFIF PRADANA',NULL,NULL),(89,'MUHAMMAD RIZKI ANGGARA',NULL,NULL),(90,'MUHAMMAD SAHAL MAHFUDH',NULL,NULL),(91,'MUHAMMAD SEPTYAN DAVID MAULANA',NULL,NULL),(92,'MUHAMMAD ZIDAN CALLEN RAFIANDRA SAPUTRA',NULL,NULL),(93,'MYESHA RAHMA ADEEVA',NULL,NULL),(94,'NABILAH AMIN NATA',NULL,NULL),(95,'NADYA APRILIA SARI',NULL,NULL),(96,'NAJWA KHAIRA WILDA',NULL,NULL),(97,'NAJWA KHOIRUNNISA',NULL,NULL),(98,'NAKESHA ADILIA QUENARA',NULL,NULL),(99,'NASYILA PUTRI NUR KHADIJAH',NULL,NULL),(100,'NAURA HASNA ANNIDA',NULL,NULL),(101,'NAVISHA OKTHAVIA AROSYID',NULL,NULL),(102,'NENA VIRNANDA',NULL,NULL),(103,'NIHAYATUL KHUSNAH',NULL,NULL),(104,'NUR ALIF RAMADHAN',NULL,NULL),(105,'NUR ROHMAN',NULL,NULL),(106,'NURNAYLA SALSABILA',NULL,NULL),(107,'QAMIRA OKTA NUR ASYIFA',NULL,NULL),(108,'QURROHTA\'AYUN ARDIANSYAH',NULL,NULL),(109,'RACHEL CALLISTA PRAYOGI',NULL,NULL),(110,'ROBERT FADHIL RABBANI',NULL,NULL),(111,'ROBI YUDA AGUNG PRASTIYO',NULL,NULL),(112,'SALMA',NULL,NULL),(113,'SATRIA YUDHISTIRA',NULL,NULL),(114,'SELYA JULI KHAIFAH RAMADHANI',NULL,NULL),(115,'SHAFIQA QIANA ALMAHYRA',NULL,NULL),(116,'SHELA SHEPTRIASA VALEVI',NULL,NULL),(117,'SITI NUR AULIA RAMADHANI',NULL,NULL),(118,'SITI NUR KHALISA',NULL,NULL),(119,'SYABANA GISSEL DWI ZAHRA PAMBUDI',NULL,NULL),(120,'TAZKIYA NAJWA WAFA',NULL,NULL),(121,'THALITA NUR FADHILA',NULL,NULL),(122,'UMAIRAH NUR AZZARAH',NULL,NULL),(123,'WULANDARI',NULL,NULL),(124,'ZAHRA MEILA PRATIWI',NULL,NULL);
/*!40000 ALTER TABLE `alternatif` ENABLE KEYS */;
UNLOCK TABLES;

--
-- Table structure for table `cache`
--

DROP TABLE IF EXISTS `cache`;
/*!40101 SET @saved_cs_client     = @@character_set_client */;
/*!50503 SET character_set_client = utf8mb4 */;
CREATE TABLE `cache` (
  `key` varchar(255) COLLATE utf8mb4_unicode_ci NOT NULL,
  `value` mediumtext COLLATE utf8mb4_unicode_ci NOT NULL,
  `expiration` int NOT NULL,
  PRIMARY KEY (`key`)
) ENGINE=InnoDB DEFAULT CHARSET=utf8mb4 COLLATE=utf8mb4_unicode_ci;
/*!40101 SET character_set_client = @saved_cs_client */;

--
-- Dumping data for table `cache`
--

LOCK TABLES `cache` WRITE;
/*!40000 ALTER TABLE `cache` DISABLE KEYS */;
/*!40000 ALTER TABLE `cache` ENABLE KEYS */;
UNLOCK TABLES;

--
-- Table structure for table `cache_locks`
--

DROP TABLE IF EXISTS `cache_locks`;
/*!40101 SET @saved_cs_client     = @@character_set_client */;
/*!50503 SET character_set_client = utf8mb4 */;
CREATE TABLE `cache_locks` (
  `key` varchar(255) COLLATE utf8mb4_unicode_ci NOT NULL,
  `owner` varchar(255) COLLATE utf8mb4_unicode_ci NOT NULL,
  `expiration` int NOT NULL,
  PRIMARY KEY (`key`)
) ENGINE=InnoDB DEFAULT CHARSET=utf8mb4 COLLATE=utf8mb4_unicode_ci;
/*!40101 SET character_set_client = @saved_cs_client */;

--
-- Dumping data for table `cache_locks`
--

LOCK TABLES `cache_locks` WRITE;
/*!40000 ALTER TABLE `cache_locks` DISABLE KEYS */;
/*!40000 ALTER TABLE `cache_locks` ENABLE KEYS */;
UNLOCK TABLES;

--
-- Table structure for table `failed_jobs`
--

DROP TABLE IF EXISTS `failed_jobs`;
/*!40101 SET @saved_cs_client     = @@character_set_client */;
/*!50503 SET character_set_client = utf8mb4 */;
CREATE TABLE `failed_jobs` (
  `id` bigint unsigned NOT NULL AUTO_INCREMENT,
  `uuid` varchar(255) COLLATE utf8mb4_unicode_ci NOT NULL,
  `connection` text COLLATE utf8mb4_unicode_ci NOT NULL,
  `queue` text COLLATE utf8mb4_unicode_ci NOT NULL,
  `payload` longtext COLLATE utf8mb4_unicode_ci NOT NULL,
  `exception` longtext COLLATE utf8mb4_unicode_ci NOT NULL,
  `failed_at` timestamp NOT NULL DEFAULT CURRENT_TIMESTAMP,
  PRIMARY KEY (`id`),
  UNIQUE KEY `failed_jobs_uuid_unique` (`uuid`)
) ENGINE=InnoDB DEFAULT CHARSET=utf8mb4 COLLATE=utf8mb4_unicode_ci;
/*!40101 SET character_set_client = @saved_cs_client */;

--
-- Dumping data for table `failed_jobs`
--

LOCK TABLES `failed_jobs` WRITE;
/*!40000 ALTER TABLE `failed_jobs` DISABLE KEYS */;
/*!40000 ALTER TABLE `failed_jobs` ENABLE KEYS */;
UNLOCK TABLES;

--
-- Table structure for table `job_batches`
--

DROP TABLE IF EXISTS `job_batches`;
/*!40101 SET @saved_cs_client     = @@character_set_client */;
/*!50503 SET character_set_client = utf8mb4 */;
CREATE TABLE `job_batches` (
  `id` varchar(255) COLLATE utf8mb4_unicode_ci NOT NULL,
  `name` varchar(255) COLLATE utf8mb4_unicode_ci NOT NULL,
  `total_jobs` int NOT NULL,
  `pending_jobs` int NOT NULL,
  `failed_jobs` int NOT NULL,
  `failed_job_ids` longtext COLLATE utf8mb4_unicode_ci NOT NULL,
  `options` mediumtext COLLATE utf8mb4_unicode_ci,
  `cancelled_at` int DEFAULT NULL,
  `created_at` int NOT NULL,
  `finished_at` int DEFAULT NULL,
  PRIMARY KEY (`id`)
) ENGINE=InnoDB DEFAULT CHARSET=utf8mb4 COLLATE=utf8mb4_unicode_ci;
/*!40101 SET character_set_client = @saved_cs_client */;

--
-- Dumping data for table `job_batches`
--

LOCK TABLES `job_batches` WRITE;
/*!40000 ALTER TABLE `job_batches` DISABLE KEYS */;
/*!40000 ALTER TABLE `job_batches` ENABLE KEYS */;
UNLOCK TABLES;

--
-- Table structure for table `jobs`
--

DROP TABLE IF EXISTS `jobs`;
/*!40101 SET @saved_cs_client     = @@character_set_client */;
/*!50503 SET character_set_client = utf8mb4 */;
CREATE TABLE `jobs` (
  `id` bigint unsigned NOT NULL AUTO_INCREMENT,
  `queue` varchar(255) COLLATE utf8mb4_unicode_ci NOT NULL,
  `payload` longtext COLLATE utf8mb4_unicode_ci NOT NULL,
  `attempts` tinyint unsigned NOT NULL,
  `reserved_at` int unsigned DEFAULT NULL,
  `available_at` int unsigned NOT NULL,
  `created_at` int unsigned NOT NULL,
  PRIMARY KEY (`id`),
  KEY `jobs_queue_index` (`queue`)
) ENGINE=InnoDB DEFAULT CHARSET=utf8mb4 COLLATE=utf8mb4_unicode_ci;
/*!40101 SET character_set_client = @saved_cs_client */;

--
-- Dumping data for table `jobs`
--

LOCK TABLES `jobs` WRITE;
/*!40000 ALTER TABLE `jobs` DISABLE KEYS */;
/*!40000 ALTER TABLE `jobs` ENABLE KEYS */;
UNLOCK TABLES;

--
-- Table structure for table `kriteria`
--

DROP TABLE IF EXISTS `kriteria`;
/*!40101 SET @saved_cs_client     = @@character_set_client */;
/*!50503 SET character_set_client = utf8mb4 */;
CREATE TABLE `kriteria` (
  `id` bigint unsigned NOT NULL AUTO_INCREMENT,
  `kode_kriteria` varchar(255) COLLATE utf8mb4_unicode_ci NOT NULL,
  `keterangan` varchar(255) COLLATE utf8mb4_unicode_ci NOT NULL,
  `bobot` decimal(10,9) NOT NULL,
  `jenis` enum('benefit','cost') COLLATE utf8mb4_unicode_ci NOT NULL,
  `created_at` timestamp NULL DEFAULT NULL,
  `updated_at` timestamp NULL DEFAULT NULL,
  PRIMARY KEY (`id`),
  UNIQUE KEY `kriteria_kode_kriteria_unique` (`kode_kriteria`)
) ENGINE=InnoDB AUTO_INCREMENT=5 DEFAULT CHARSET=utf8mb4 COLLATE=utf8mb4_unicode_ci;
/*!40101 SET character_set_client = @saved_cs_client */;

--
-- Dumping data for table `kriteria`
--

LOCK TABLES `kriteria` WRITE;
/*!40000 ALTER TABLE `kriteria` DISABLE KEYS */;
INSERT INTO `kriteria` VALUES (1,'C1','NILAI AKADEMIK',0.277777778,'benefit','2025-09-16 09:15:06','2025-09-16 09:15:06'),(2,'C2','ABSENSI KEHADIRAN',0.277777778,'benefit','2025-09-16 09:15:19','2025-09-16 09:15:19'),(3,'C3','NILAI EKSTRAKULIKULER',0.222222222,'benefit','2025-09-16 09:15:54','2025-09-16 09:15:54'),(4,'C4','JUMLAH KASUS',0.222222222,'cost','2025-09-16 09:16:09','2025-09-16 09:16:09');
/*!40000 ALTER TABLE `kriteria` ENABLE KEYS */;
UNLOCK TABLES;

--
-- Table structure for table `migrations`
--

DROP TABLE IF EXISTS `migrations`;
/*!40101 SET @saved_cs_client     = @@character_set_client */;
/*!50503 SET character_set_client = utf8mb4 */;
CREATE TABLE `migrations` (
  `id` int unsigned NOT NULL AUTO_INCREMENT,
  `migration` varchar(255) COLLATE utf8mb4_unicode_ci NOT NULL,
  `batch` int NOT NULL,
  PRIMARY KEY (`id`)
) ENGINE=InnoDB AUTO_INCREMENT=13 DEFAULT CHARSET=utf8mb4 COLLATE=utf8mb4_unicode_ci;
/*!40101 SET character_set_client = @saved_cs_client */;

--
-- Dumping data for table `migrations`
--

LOCK TABLES `migrations` WRITE;
/*!40000 ALTER TABLE `migrations` DISABLE KEYS */;
INSERT INTO `migrations` VALUES (7,'0001_01_01_000000_create_users_table',1),(8,'0001_01_01_000001_create_cache_table',1),(9,'0001_01_01_000002_create_jobs_table',1),(10,'2025_09_16_153844_create_kriteria_table',1),(11,'2025_09_16_154009_create_alternatif_table',1),(12,'2025_09_16_154103_create_penilaian_table',1);
/*!40000 ALTER TABLE `migrations` ENABLE KEYS */;
UNLOCK TABLES;

--
-- Table structure for table `password_reset_tokens`
--

DROP TABLE IF EXISTS `password_reset_tokens`;
/*!40101 SET @saved_cs_client     = @@character_set_client */;
/*!50503 SET character_set_client = utf8mb4 */;
CREATE TABLE `password_reset_tokens` (
  `email` varchar(255) COLLATE utf8mb4_unicode_ci NOT NULL,
  `token` varchar(255) COLLATE utf8mb4_unicode_ci NOT NULL,
  `created_at` timestamp NULL DEFAULT NULL,
  PRIMARY KEY (`email`)
) ENGINE=InnoDB DEFAULT CHARSET=utf8mb4 COLLATE=utf8mb4_unicode_ci;
/*!40101 SET character_set_client = @saved_cs_client */;

--
-- Dumping data for table `password_reset_tokens`
--

LOCK TABLES `password_reset_tokens` WRITE;
/*!40000 ALTER TABLE `password_reset_tokens` DISABLE KEYS */;
/*!40000 ALTER TABLE `password_reset_tokens` ENABLE KEYS */;
UNLOCK TABLES;

--
-- Table structure for table `penilaian`
--

DROP TABLE IF EXISTS `penilaian`;
/*!40101 SET @saved_cs_client     = @@character_set_client */;
/*!50503 SET character_set_client = utf8mb4 */;
CREATE TABLE `penilaian` (
  `id` bigint unsigned NOT NULL AUTO_INCREMENT,
  `id_alternatif` bigint unsigned NOT NULL,
  `id_kriteria` bigint unsigned NOT NULL,
  `nilai` decimal(8,2) NOT NULL,
  `created_at` timestamp NULL DEFAULT NULL,
  `updated_at` timestamp NULL DEFAULT NULL,
  PRIMARY KEY (`id`)
) ENGINE=InnoDB AUTO_INCREMENT=497 DEFAULT CHARSET=utf8mb4 COLLATE=utf8mb4_unicode_ci;
/*!40101 SET character_set_client = @saved_cs_client */;

--
-- Dumping data for table `penilaian`
--

LOCK TABLES `penilaian` WRITE;
/*!40000 ALTER TABLE `penilaian` DISABLE KEYS */;
INSERT INTO `penilaian` VALUES (1,1,1,82.00,'2025-09-16 10:06:37','2025-09-16 10:06:37'),(2,1,2,90.00,'2025-09-16 10:06:37','2025-09-16 10:06:37'),(3,1,3,91.00,'2025-09-16 10:06:37','2025-09-16 10:06:37'),(4,1,4,6.00,'2025-09-16 10:06:37','2025-09-16 10:06:37'),(5,2,1,89.00,'2025-09-16 10:06:37','2025-09-16 10:06:37'),(6,2,2,82.00,'2025-09-16 10:06:37','2025-09-16 10:06:37'),(7,2,3,97.00,'2025-09-16 10:06:37','2025-09-16 10:06:37'),(8,2,4,5.00,'2025-09-16 10:06:37','2025-09-16 10:06:37'),(9,3,1,88.00,'2025-09-16 10:06:37','2025-09-16 10:06:37'),(10,3,2,88.00,'2025-09-16 10:06:37','2025-09-16 10:06:37'),(11,3,3,84.00,'2025-09-16 10:06:37','2025-09-16 10:06:37'),(12,3,4,3.00,'2025-09-16 10:06:37','2025-09-16 10:06:37'),(13,4,1,93.00,'2025-09-16 10:06:37','2025-09-16 10:06:37'),(14,4,2,80.00,'2025-09-16 10:06:37','2025-09-16 10:06:37'),(15,4,3,90.00,'2025-09-16 10:06:37','2025-09-16 10:06:37'),(16,4,4,6.00,'2025-09-16 10:06:37','2025-09-16 10:06:37'),(17,5,1,97.00,'2025-09-16 10:06:37','2025-09-16 10:06:37'),(18,5,2,84.00,'2025-09-16 10:06:37','2025-09-16 10:06:37'),(19,5,3,82.00,'2025-09-16 10:06:37','2025-09-16 10:06:37'),(20,5,4,6.00,'2025-09-16 10:06:37','2025-09-16 10:06:37'),(21,6,1,77.00,'2025-09-16 10:06:37','2025-09-16 10:06:37'),(22,6,2,86.00,'2025-09-16 10:06:37','2025-09-16 10:06:37'),(23,6,3,97.00,'2025-09-16 10:06:37','2025-09-16 10:06:37'),(24,6,4,6.00,'2025-09-16 10:06:37','2025-09-16 10:06:37'),(25,7,1,87.00,'2025-09-16 10:06:37','2025-09-16 10:06:37'),(26,7,2,85.00,'2025-09-16 10:06:37','2025-09-16 10:06:37'),(27,7,3,92.00,'2025-09-16 10:06:37','2025-09-16 10:06:37'),(28,7,4,4.00,'2025-09-16 10:06:37','2025-09-16 10:06:37'),(29,8,1,88.00,'2025-09-16 10:06:37','2025-09-16 10:06:37'),(30,8,2,88.00,'2025-09-16 10:06:37','2025-09-16 10:06:37'),(31,8,3,85.00,'2025-09-16 10:06:37','2025-09-16 10:06:37'),(32,8,4,5.00,'2025-09-16 10:06:37','2025-09-16 10:06:37'),(33,9,1,75.00,'2025-09-16 10:06:37','2025-09-16 10:06:37'),(34,9,2,89.00,'2025-09-16 10:06:37','2025-09-16 10:06:37'),(35,9,3,79.00,'2025-09-16 10:06:37','2025-09-16 10:06:37'),(36,9,4,5.00,'2025-09-16 10:06:37','2025-09-16 10:06:37'),(37,10,1,80.00,'2025-09-16 10:06:37','2025-09-16 10:06:37'),(38,10,2,80.00,'2025-09-16 10:06:37','2025-09-16 10:06:37'),(39,10,3,87.00,'2025-09-16 10:06:37','2025-09-16 10:06:37'),(40,10,4,6.00,'2025-09-16 10:06:37','2025-09-16 10:06:37'),(41,11,1,78.00,'2025-09-16 10:06:37','2025-09-16 10:06:37'),(42,11,2,82.00,'2025-09-16 10:06:37','2025-09-16 10:06:37'),(43,11,3,81.00,'2025-09-16 10:06:37','2025-09-16 10:06:37'),(44,11,4,6.00,'2025-09-16 10:06:37','2025-09-16 10:06:37'),(45,12,1,90.00,'2025-09-16 10:06:37','2025-09-16 10:06:37'),(46,12,2,81.00,'2025-09-16 10:06:37','2025-09-16 10:06:37'),(47,12,3,95.00,'2025-09-16 10:06:37','2025-09-16 10:06:37'),(48,12,4,6.00,'2025-09-16 10:06:37','2025-09-16 10:06:37'),(49,13,1,76.00,'2025-09-16 10:06:37','2025-09-16 10:06:37'),(50,13,2,86.00,'2025-09-16 10:06:37','2025-09-16 10:06:37'),(51,13,3,94.00,'2025-09-16 10:06:37','2025-09-16 10:06:37'),(52,13,4,5.00,'2025-09-16 10:06:37','2025-09-16 10:06:37'),(53,14,1,92.00,'2025-09-16 10:06:37','2025-09-16 10:06:37'),(54,14,2,81.00,'2025-09-16 10:06:37','2025-09-16 10:06:37'),(55,14,3,94.00,'2025-09-16 10:06:37','2025-09-16 10:06:37'),(56,14,4,5.00,'2025-09-16 10:06:37','2025-09-16 10:06:37'),(57,15,1,77.00,'2025-09-16 10:06:37','2025-09-16 10:06:37'),(58,15,2,88.00,'2025-09-16 10:06:37','2025-09-16 10:06:37'),(59,15,3,85.00,'2025-09-16 10:06:37','2025-09-16 10:06:37'),(60,15,4,2.00,'2025-09-16 10:06:37','2025-09-16 10:06:37'),(61,16,1,82.00,'2025-09-16 10:06:37','2025-09-16 10:06:37'),(62,16,2,83.00,'2025-09-16 10:06:37','2025-09-16 10:06:37'),(63,16,3,99.00,'2025-09-16 10:06:37','2025-09-16 10:06:37'),(64,16,4,6.00,'2025-09-16 10:06:37','2025-09-16 10:06:37'),(65,17,1,96.00,'2025-09-16 10:06:37','2025-09-16 10:06:37'),(66,17,2,89.00,'2025-09-16 10:06:37','2025-09-16 10:06:37'),(67,17,3,93.00,'2025-09-16 10:06:37','2025-09-16 10:06:37'),(68,17,4,5.00,'2025-09-16 10:06:37','2025-09-16 10:06:37'),(69,18,1,89.00,'2025-09-16 10:06:37','2025-09-16 10:06:37'),(70,18,2,84.00,'2025-09-16 10:06:37','2025-09-16 10:06:37'),(71,18,3,96.00,'2025-09-16 10:06:37','2025-09-16 10:06:37'),(72,18,4,6.00,'2025-09-16 10:06:37','2025-09-16 10:06:37'),(73,19,1,97.00,'2025-09-16 10:06:37','2025-09-16 10:06:37'),(74,19,2,90.00,'2025-09-16 10:06:37','2025-09-16 10:06:37'),(75,19,3,91.00,'2025-09-16 10:06:37','2025-09-16 10:06:37'),(76,19,4,4.00,'2025-09-16 10:06:37','2025-09-16 10:06:37'),(77,20,1,77.00,'2025-09-16 10:06:37','2025-09-16 10:06:37'),(78,20,2,89.00,'2025-09-16 10:06:37','2025-09-16 10:06:37'),(79,20,3,99.00,'2025-09-16 10:06:37','2025-09-16 10:06:37'),(80,20,4,3.00,'2025-09-16 10:06:37','2025-09-16 10:06:37'),(81,21,1,86.00,'2025-09-16 10:06:37','2025-09-16 10:06:37'),(82,21,2,81.00,'2025-09-16 10:06:37','2025-09-16 10:06:37'),(83,21,3,82.00,'2025-09-16 10:06:37','2025-09-16 10:06:37'),(84,21,4,4.00,'2025-09-16 10:06:37','2025-09-16 10:06:37'),(85,22,1,75.00,'2025-09-16 10:06:37','2025-09-16 10:06:37'),(86,22,2,89.00,'2025-09-16 10:06:37','2025-09-16 10:06:37'),(87,22,3,96.00,'2025-09-16 10:06:37','2025-09-16 10:06:37'),(88,22,4,6.00,'2025-09-16 10:06:37','2025-09-16 10:06:37'),(89,23,1,81.00,'2025-09-16 10:06:37','2025-09-16 10:06:37'),(90,23,2,86.00,'2025-09-16 10:06:37','2025-09-16 10:06:37'),(91,23,3,91.00,'2025-09-16 10:06:37','2025-09-16 10:06:37'),(92,23,4,3.00,'2025-09-16 10:06:37','2025-09-16 10:06:37'),(93,24,1,81.00,'2025-09-16 10:06:37','2025-09-16 10:06:37'),(94,24,2,83.00,'2025-09-16 10:06:37','2025-09-16 10:06:37'),(95,24,3,82.00,'2025-09-16 10:06:37','2025-09-16 10:06:37'),(96,24,4,5.00,'2025-09-16 10:06:37','2025-09-16 10:06:37'),(97,25,1,89.00,'2025-09-16 10:06:37','2025-09-16 10:06:37'),(98,25,2,88.00,'2025-09-16 10:06:37','2025-09-16 10:06:37'),(99,25,3,78.00,'2025-09-16 10:06:37','2025-09-16 10:06:37'),(100,25,4,4.00,'2025-09-16 10:06:37','2025-09-16 10:06:37'),(101,26,1,91.00,'2025-09-16 10:06:37','2025-09-16 10:06:37'),(102,26,2,84.00,'2025-09-16 10:06:37','2025-09-16 10:06:37'),(103,26,3,83.00,'2025-09-16 10:06:37','2025-09-16 10:06:37'),(104,26,4,2.00,'2025-09-16 10:06:37','2025-09-16 10:06:37'),(105,27,1,94.00,'2025-09-16 10:06:37','2025-09-16 10:06:37'),(106,27,2,90.00,'2025-09-16 10:06:37','2025-09-16 10:06:37'),(107,27,3,79.00,'2025-09-16 10:06:37','2025-09-16 10:06:37'),(108,27,4,3.00,'2025-09-16 10:06:37','2025-09-16 10:06:37'),(109,28,1,86.00,'2025-09-16 10:06:37','2025-09-16 10:06:37'),(110,28,2,83.00,'2025-09-16 10:06:37','2025-09-16 10:06:37'),(111,28,3,89.00,'2025-09-16 10:06:37','2025-09-16 10:06:37'),(112,28,4,6.00,'2025-09-16 10:06:37','2025-09-16 10:06:37'),(113,29,1,93.00,'2025-09-16 10:06:37','2025-09-16 10:06:37'),(114,29,2,89.00,'2025-09-16 10:06:37','2025-09-16 10:06:37'),(115,29,3,78.00,'2025-09-16 10:06:37','2025-09-16 10:06:37'),(116,29,4,3.00,'2025-09-16 10:06:37','2025-09-16 10:06:37'),(117,30,1,94.00,'2025-09-16 10:06:37','2025-09-16 10:06:37'),(118,30,2,85.00,'2025-09-16 10:06:37','2025-09-16 10:06:37'),(119,30,3,81.00,'2025-09-16 10:06:37','2025-09-16 10:06:37'),(120,30,4,3.00,'2025-09-16 10:06:37','2025-09-16 10:06:37'),(121,31,1,92.00,'2025-09-16 10:06:37','2025-09-16 10:06:37'),(122,31,2,85.00,'2025-09-16 10:06:37','2025-09-16 10:06:37'),(123,31,3,96.00,'2025-09-16 10:06:37','2025-09-16 10:06:37'),(124,31,4,2.00,'2025-09-16 10:06:37','2025-09-16 10:06:37'),(125,32,1,88.00,'2025-09-16 10:06:37','2025-09-16 10:06:37'),(126,32,2,86.00,'2025-09-16 10:06:37','2025-09-16 10:06:37'),(127,32,3,92.00,'2025-09-16 10:06:37','2025-09-16 10:06:37'),(128,32,4,4.00,'2025-09-16 10:06:37','2025-09-16 10:06:37'),(129,33,1,81.00,'2025-09-16 10:06:37','2025-09-16 10:06:37'),(130,33,2,83.00,'2025-09-16 10:06:37','2025-09-16 10:06:37'),(131,33,3,93.00,'2025-09-16 10:06:37','2025-09-16 10:06:37'),(132,33,4,4.00,'2025-09-16 10:06:37','2025-09-16 10:06:37'),(133,34,1,98.00,'2025-09-16 10:06:37','2025-09-16 10:06:37'),(134,34,2,89.00,'2025-09-16 10:06:37','2025-09-16 10:06:37'),(135,34,3,99.00,'2025-09-16 10:06:37','2025-09-16 10:06:37'),(136,34,4,2.00,'2025-09-16 10:06:37','2025-09-17 10:48:50'),(137,35,1,95.00,'2025-09-16 10:06:37','2025-09-16 10:06:37'),(138,35,2,86.00,'2025-09-16 10:06:37','2025-09-16 10:06:37'),(139,35,3,89.00,'2025-09-16 10:06:37','2025-09-16 10:06:37'),(140,35,4,5.00,'2025-09-16 10:06:37','2025-09-16 10:06:37'),(141,36,1,83.00,'2025-09-16 10:06:37','2025-09-16 10:06:37'),(142,36,2,89.00,'2025-09-16 10:06:37','2025-09-16 10:06:37'),(143,36,3,79.00,'2025-09-16 10:06:37','2025-09-16 10:06:37'),(144,36,4,5.00,'2025-09-16 10:06:37','2025-09-16 10:06:37'),(145,37,1,94.00,'2025-09-16 10:06:37','2025-09-16 10:06:37'),(146,37,2,85.00,'2025-09-16 10:06:37','2025-09-16 10:06:37'),(147,37,3,94.00,'2025-09-16 10:06:37','2025-09-16 10:06:37'),(148,37,4,2.00,'2025-09-16 10:06:37','2025-09-16 10:06:37'),(149,38,1,83.00,'2025-09-16 10:06:37','2025-09-16 10:06:37'),(150,38,2,90.00,'2025-09-16 10:06:37','2025-09-16 10:06:37'),(151,38,3,82.00,'2025-09-16 10:06:37','2025-09-16 10:06:37'),(152,38,4,5.00,'2025-09-16 10:06:37','2025-09-16 10:06:37'),(153,39,1,85.00,'2025-09-16 10:06:37','2025-09-16 10:06:37'),(154,39,2,85.00,'2025-09-16 10:06:37','2025-09-16 10:06:37'),(155,39,3,78.00,'2025-09-16 10:06:37','2025-09-16 10:06:37'),(156,39,4,5.00,'2025-09-16 10:06:37','2025-09-16 10:06:37'),(157,40,1,98.00,'2025-09-16 10:06:37','2025-09-16 10:06:37'),(158,40,2,80.00,'2025-09-16 10:06:37','2025-09-16 10:06:37'),(159,40,3,91.00,'2025-09-16 10:06:37','2025-09-16 10:06:37'),(160,40,4,5.00,'2025-09-16 10:06:37','2025-09-16 10:06:37'),(161,41,1,77.00,'2025-09-16 10:06:37','2025-09-16 10:06:37'),(162,41,2,83.00,'2025-09-16 10:06:37','2025-09-16 10:06:37'),(163,41,3,91.00,'2025-09-16 10:06:37','2025-09-16 10:06:37'),(164,41,4,6.00,'2025-09-16 10:06:37','2025-09-16 10:06:37'),(165,42,1,82.00,'2025-09-16 10:06:37','2025-09-16 10:06:37'),(166,42,2,88.00,'2025-09-16 10:06:37','2025-09-16 10:06:37'),(167,42,3,94.00,'2025-09-16 10:06:37','2025-09-16 10:06:37'),(168,42,4,5.00,'2025-09-16 10:06:37','2025-09-16 10:06:37'),(169,43,1,88.00,'2025-09-16 10:06:37','2025-09-16 10:06:37'),(170,43,2,86.00,'2025-09-16 10:06:37','2025-09-16 10:06:37'),(171,43,3,98.00,'2025-09-16 10:06:37','2025-09-16 10:06:37'),(172,43,4,3.00,'2025-09-16 10:06:37','2025-09-16 10:06:37'),(173,44,1,94.00,'2025-09-16 10:06:37','2025-09-16 10:06:37'),(174,44,2,90.00,'2025-09-16 10:06:37','2025-09-16 10:06:37'),(175,44,3,95.00,'2025-09-16 10:06:37','2025-09-16 10:06:37'),(176,44,4,5.00,'2025-09-16 10:06:37','2025-09-16 10:06:37'),(177,45,1,92.00,'2025-09-16 10:06:37','2025-09-16 10:06:37'),(178,45,2,81.00,'2025-09-16 10:06:37','2025-09-16 10:06:37'),(179,45,3,90.00,'2025-09-16 10:06:37','2025-09-16 10:06:37'),(180,45,4,4.00,'2025-09-16 10:06:37','2025-09-16 10:06:37'),(181,46,1,92.00,'2025-09-16 10:06:37','2025-09-16 10:06:37'),(182,46,2,84.00,'2025-09-16 10:06:37','2025-09-16 10:06:37'),(183,46,3,79.00,'2025-09-16 10:06:37','2025-09-16 10:06:37'),(184,46,4,4.00,'2025-09-16 10:06:37','2025-09-16 10:06:37'),(185,47,1,97.00,'2025-09-16 10:06:37','2025-09-16 10:06:37'),(186,47,2,84.00,'2025-09-16 10:06:37','2025-09-16 10:06:37'),(187,47,3,91.00,'2025-09-16 10:06:37','2025-09-16 10:06:37'),(188,47,4,6.00,'2025-09-16 10:06:37','2025-09-16 10:06:37'),(189,48,1,79.00,'2025-09-16 10:06:37','2025-09-16 10:06:37'),(190,48,2,84.00,'2025-09-16 10:06:37','2025-09-16 10:06:37'),(191,48,3,95.00,'2025-09-16 10:06:37','2025-09-16 10:06:37'),(192,48,4,3.00,'2025-09-16 10:06:37','2025-09-16 10:06:37'),(193,49,1,79.00,'2025-09-16 10:06:37','2025-09-16 10:06:37'),(194,49,2,90.00,'2025-09-16 10:06:37','2025-09-16 10:06:37'),(195,49,3,97.00,'2025-09-16 10:06:37','2025-09-16 10:06:37'),(196,49,4,3.00,'2025-09-16 10:06:37','2025-09-16 10:06:37'),(197,50,1,84.00,'2025-09-16 10:06:37','2025-09-16 10:06:37'),(198,50,2,87.00,'2025-09-16 10:06:37','2025-09-16 10:06:37'),(199,50,3,89.00,'2025-09-16 10:06:37','2025-09-16 10:06:37'),(200,50,4,5.00,'2025-09-16 10:06:37','2025-09-16 10:06:37'),(201,51,1,90.00,'2025-09-16 10:06:37','2025-09-16 10:06:37'),(202,51,2,80.00,'2025-09-16 10:06:37','2025-09-16 10:06:37'),(203,51,3,90.00,'2025-09-16 10:06:37','2025-09-16 10:06:37'),(204,51,4,3.00,'2025-09-16 10:06:37','2025-09-16 10:06:37'),(205,52,1,96.00,'2025-09-16 10:06:37','2025-09-16 10:06:37'),(206,52,2,81.00,'2025-09-16 10:06:37','2025-09-16 10:06:37'),(207,52,3,94.00,'2025-09-16 10:06:37','2025-09-16 10:06:37'),(208,52,4,4.00,'2025-09-16 10:06:37','2025-09-16 10:06:37'),(209,53,1,75.00,'2025-09-16 10:06:37','2025-09-16 10:06:37'),(210,53,2,81.00,'2025-09-16 10:06:37','2025-09-16 10:06:37'),(211,53,3,95.00,'2025-09-16 10:06:37','2025-09-16 10:06:37'),(212,53,4,4.00,'2025-09-16 10:06:37','2025-09-16 10:06:37'),(213,54,1,93.00,'2025-09-16 10:06:37','2025-09-16 10:06:37'),(214,54,2,89.00,'2025-09-16 10:06:37','2025-09-16 10:06:37'),(215,54,3,86.00,'2025-09-16 10:06:37','2025-09-16 10:06:37'),(216,54,4,4.00,'2025-09-16 10:06:37','2025-09-16 10:06:37'),(217,55,1,76.00,'2025-09-16 10:06:37','2025-09-16 10:06:37'),(218,55,2,86.00,'2025-09-16 10:06:37','2025-09-16 10:06:37'),(219,55,3,81.00,'2025-09-16 10:06:37','2025-09-16 10:06:37'),(220,55,4,5.00,'2025-09-16 10:06:37','2025-09-16 10:06:37'),(221,56,1,89.00,'2025-09-16 10:06:37','2025-09-16 10:06:37'),(222,56,2,90.00,'2025-09-16 10:06:37','2025-09-16 10:06:37'),(223,56,3,97.00,'2025-09-16 10:06:37','2025-09-16 10:06:37'),(224,56,4,5.00,'2025-09-16 10:06:37','2025-09-16 10:06:37'),(225,57,1,79.00,'2025-09-16 10:06:37','2025-09-16 10:06:37'),(226,57,2,80.00,'2025-09-16 10:06:37','2025-09-16 10:06:37'),(227,57,3,85.00,'2025-09-16 10:06:37','2025-09-16 10:06:37'),(228,57,4,6.00,'2025-09-16 10:06:37','2025-09-16 10:06:37'),(229,58,1,78.00,'2025-09-16 10:06:37','2025-09-16 10:06:37'),(230,58,2,83.00,'2025-09-16 10:06:37','2025-09-16 10:06:37'),(231,58,3,89.00,'2025-09-16 10:06:37','2025-09-16 10:06:37'),(232,58,4,3.00,'2025-09-16 10:06:37','2025-09-16 10:06:37'),(233,59,1,89.00,'2025-09-16 10:06:37','2025-09-16 10:06:37'),(234,59,2,83.00,'2025-09-16 10:06:37','2025-09-16 10:06:37'),(235,59,3,86.00,'2025-09-16 10:06:37','2025-09-16 10:06:37'),(236,59,4,2.00,'2025-09-16 10:06:37','2025-09-16 10:06:37'),(237,60,1,96.00,'2025-09-16 10:06:37','2025-09-16 10:06:37'),(238,60,2,90.00,'2025-09-16 10:06:37','2025-09-16 10:06:37'),(239,60,3,93.00,'2025-09-16 10:06:37','2025-09-16 10:06:37'),(240,60,4,3.00,'2025-09-16 10:06:37','2025-09-16 10:06:37'),(241,61,1,81.00,'2025-09-16 10:06:37','2025-09-16 10:06:37'),(242,61,2,87.00,'2025-09-16 10:06:37','2025-09-16 10:06:37'),(243,61,3,86.00,'2025-09-16 10:06:37','2025-09-16 10:06:37'),(244,61,4,6.00,'2025-09-16 10:06:37','2025-09-16 10:06:37'),(245,62,1,98.00,'2025-09-16 10:06:37','2025-09-16 10:06:37'),(246,62,2,85.00,'2025-09-16 10:06:37','2025-09-16 10:06:37'),(247,62,3,86.00,'2025-09-16 10:06:37','2025-09-16 10:06:37'),(248,62,4,5.00,'2025-09-16 10:06:37','2025-09-16 10:06:37'),(249,63,1,89.00,'2025-09-16 10:06:37','2025-09-16 10:06:37'),(250,63,2,90.00,'2025-09-16 10:06:37','2025-09-16 10:06:37'),(251,63,3,80.00,'2025-09-16 10:06:37','2025-09-16 10:06:37'),(252,63,4,2.00,'2025-09-16 10:06:37','2025-09-16 10:06:37'),(253,64,1,98.00,'2025-09-16 10:06:37','2025-09-16 10:06:37'),(254,64,2,88.00,'2025-09-16 10:06:37','2025-09-16 10:06:37'),(255,64,3,79.00,'2025-09-16 10:06:37','2025-09-16 10:06:37'),(256,64,4,5.00,'2025-09-16 10:06:37','2025-09-16 10:06:37'),(257,65,1,98.00,'2025-09-16 10:06:37','2025-09-16 10:06:37'),(258,65,2,85.00,'2025-09-16 10:06:37','2025-09-16 10:06:37'),(259,65,3,98.00,'2025-09-16 10:06:37','2025-09-16 10:06:37'),(260,65,4,5.00,'2025-09-16 10:06:37','2025-09-16 10:06:37'),(261,66,1,84.00,'2025-09-16 10:06:37','2025-09-16 10:06:37'),(262,66,2,81.00,'2025-09-16 10:06:37','2025-09-16 10:06:37'),(263,66,3,94.00,'2025-09-16 10:06:37','2025-09-16 10:06:37'),(264,66,4,6.00,'2025-09-16 10:06:37','2025-09-16 10:06:37'),(265,67,1,87.00,'2025-09-16 10:06:37','2025-09-16 10:06:37'),(266,67,2,87.00,'2025-09-16 10:06:37','2025-09-16 10:06:37'),(267,67,3,84.00,'2025-09-16 10:06:37','2025-09-16 10:06:37'),(268,67,4,3.00,'2025-09-16 10:06:37','2025-09-16 10:06:37'),(269,68,1,84.00,'2025-09-16 10:06:37','2025-09-16 10:06:37'),(270,68,2,90.00,'2025-09-16 10:06:37','2025-09-16 10:06:37'),(271,68,3,78.00,'2025-09-16 10:06:37','2025-09-16 10:06:37'),(272,68,4,6.00,'2025-09-16 10:06:37','2025-09-16 10:06:37'),(273,69,1,89.00,'2025-09-16 10:06:37','2025-09-16 10:06:37'),(274,69,2,80.00,'2025-09-16 10:06:37','2025-09-16 10:06:37'),(275,69,3,87.00,'2025-09-16 10:06:37','2025-09-16 10:06:37'),(276,69,4,2.00,'2025-09-16 10:06:37','2025-09-16 10:06:37'),(277,70,1,77.00,'2025-09-16 10:06:37','2025-09-16 10:06:37'),(278,70,2,87.00,'2025-09-16 10:06:37','2025-09-16 10:06:37'),(279,70,3,88.00,'2025-09-16 10:06:37','2025-09-16 10:06:37'),(280,70,4,2.00,'2025-09-16 10:06:37','2025-09-16 10:06:37'),(281,71,1,96.00,'2025-09-16 10:06:37','2025-09-16 10:06:37'),(282,71,2,89.00,'2025-09-16 10:06:37','2025-09-16 10:06:37'),(283,71,3,90.00,'2025-09-16 10:06:37','2025-09-16 10:06:37'),(284,71,4,4.00,'2025-09-16 10:06:37','2025-09-16 10:06:37'),(285,72,1,93.00,'2025-09-16 10:06:37','2025-09-16 10:06:37'),(286,72,2,81.00,'2025-09-16 10:06:37','2025-09-16 10:06:37'),(287,72,3,84.00,'2025-09-16 10:06:37','2025-09-16 10:06:37'),(288,72,4,6.00,'2025-09-16 10:06:37','2025-09-16 10:06:37'),(289,73,1,89.00,'2025-09-16 10:06:37','2025-09-16 10:06:37'),(290,73,2,80.00,'2025-09-16 10:06:37','2025-09-16 10:06:37'),(291,73,3,79.00,'2025-09-16 10:06:37','2025-09-16 10:06:37'),(292,73,4,4.00,'2025-09-16 10:06:37','2025-09-16 10:06:37'),(293,74,1,97.00,'2025-09-16 10:06:37','2025-09-16 10:06:37'),(294,74,2,85.00,'2025-09-16 10:06:37','2025-09-16 10:06:37'),(295,74,3,93.00,'2025-09-16 10:06:37','2025-09-16 10:06:37'),(296,74,4,5.00,'2025-09-16 10:06:37','2025-09-16 10:06:37'),(297,75,1,85.00,'2025-09-16 10:06:37','2025-09-16 10:06:37'),(298,75,2,80.00,'2025-09-16 10:06:37','2025-09-16 10:06:37'),(299,75,3,97.00,'2025-09-16 10:06:37','2025-09-16 10:06:37'),(300,75,4,2.00,'2025-09-16 10:06:37','2025-09-16 10:06:37'),(301,76,1,94.00,'2025-09-16 10:06:37','2025-09-16 10:06:37'),(302,76,2,88.00,'2025-09-16 10:06:37','2025-09-16 10:06:37'),(303,76,3,79.00,'2025-09-16 10:06:37','2025-09-16 10:06:37'),(304,76,4,3.00,'2025-09-16 10:06:37','2025-09-16 10:06:37'),(305,77,1,85.00,'2025-09-16 10:06:37','2025-09-16 10:06:37'),(306,77,2,82.00,'2025-09-16 10:06:37','2025-09-16 10:06:37'),(307,77,3,91.00,'2025-09-16 10:06:37','2025-09-16 10:06:37'),(308,77,4,3.00,'2025-09-16 10:06:37','2025-09-16 10:06:37'),(309,78,1,94.00,'2025-09-16 10:06:37','2025-09-16 10:06:37'),(310,78,2,80.00,'2025-09-16 10:06:37','2025-09-16 10:06:37'),(311,78,3,85.00,'2025-09-16 10:06:37','2025-09-16 10:06:37'),(312,78,4,4.00,'2025-09-16 10:06:37','2025-09-16 10:06:37'),(313,79,1,96.00,'2025-09-16 10:06:37','2025-09-16 10:06:37'),(314,79,2,85.00,'2025-09-16 10:06:37','2025-09-16 10:06:37'),(315,79,3,98.00,'2025-09-16 10:06:37','2025-09-16 10:06:37'),(316,79,4,4.00,'2025-09-16 10:06:37','2025-09-16 10:06:37'),(317,80,1,96.00,'2025-09-16 10:06:37','2025-09-16 10:06:37'),(318,80,2,82.00,'2025-09-16 10:06:37','2025-09-16 10:06:37'),(319,80,3,81.00,'2025-09-16 10:06:37','2025-09-16 10:06:37'),(320,80,4,6.00,'2025-09-16 10:06:37','2025-09-16 10:06:37'),(321,81,1,89.00,'2025-09-16 10:06:37','2025-09-16 10:06:37'),(322,81,2,88.00,'2025-09-16 10:06:37','2025-09-16 10:06:37'),(323,81,3,95.00,'2025-09-16 10:06:37','2025-09-16 10:06:37'),(324,81,4,6.00,'2025-09-16 10:06:37','2025-09-16 10:06:37'),(325,82,1,88.00,'2025-09-16 10:06:37','2025-09-16 10:06:37'),(326,82,2,82.00,'2025-09-16 10:06:37','2025-09-16 10:06:37'),(327,82,3,92.00,'2025-09-16 10:06:37','2025-09-16 10:06:37'),(328,82,4,2.00,'2025-09-16 10:06:37','2025-09-16 10:06:37'),(329,83,1,95.00,'2025-09-16 10:06:37','2025-09-16 10:06:37'),(330,83,2,87.00,'2025-09-16 10:06:37','2025-09-16 10:06:37'),(331,83,3,88.00,'2025-09-16 10:06:37','2025-09-16 10:06:37'),(332,83,4,3.00,'2025-09-16 10:06:37','2025-09-16 10:06:37'),(333,84,1,98.00,'2025-09-16 10:06:37','2025-09-16 10:06:37'),(334,84,2,83.00,'2025-09-16 10:06:37','2025-09-16 10:06:37'),(335,84,3,88.00,'2025-09-16 10:06:37','2025-09-16 10:06:37'),(336,84,4,5.00,'2025-09-16 10:06:37','2025-09-16 10:06:37'),(337,85,1,94.00,'2025-09-16 10:06:37','2025-09-16 10:06:37'),(338,85,2,80.00,'2025-09-16 10:06:37','2025-09-16 10:06:37'),(339,85,3,86.00,'2025-09-16 10:06:37','2025-09-16 10:06:37'),(340,85,4,6.00,'2025-09-16 10:06:37','2025-09-16 10:06:37'),(341,86,1,85.00,'2025-09-16 10:06:37','2025-09-16 10:06:37'),(342,86,2,88.00,'2025-09-16 10:06:37','2025-09-16 10:06:37'),(343,86,3,92.00,'2025-09-16 10:06:37','2025-09-16 10:06:37'),(344,86,4,6.00,'2025-09-16 10:06:37','2025-09-16 10:06:37'),(345,87,1,85.00,'2025-09-16 10:06:37','2025-09-16 10:06:37'),(346,87,2,81.00,'2025-09-16 10:06:37','2025-09-16 10:06:37'),(347,87,3,82.00,'2025-09-16 10:06:37','2025-09-16 10:06:37'),(348,87,4,6.00,'2025-09-16 10:06:37','2025-09-16 10:06:37'),(349,88,1,85.00,'2025-09-16 10:06:37','2025-09-16 10:06:37'),(350,88,2,80.00,'2025-09-16 10:06:37','2025-09-16 10:06:37'),(351,88,3,89.00,'2025-09-16 10:06:37','2025-09-16 10:06:37'),(352,88,4,2.00,'2025-09-16 10:06:37','2025-09-16 10:06:37'),(353,89,1,93.00,'2025-09-16 10:06:37','2025-09-16 10:06:37'),(354,89,2,88.00,'2025-09-16 10:06:37','2025-09-16 10:06:37'),(355,89,3,90.00,'2025-09-16 10:06:37','2025-09-16 10:06:37'),(356,89,4,3.00,'2025-09-16 10:06:37','2025-09-16 10:06:37'),(357,90,1,89.00,'2025-09-16 10:06:37','2025-09-16 10:06:37'),(358,90,2,88.00,'2025-09-16 10:06:37','2025-09-16 10:06:37'),(359,90,3,81.00,'2025-09-16 10:06:37','2025-09-16 10:06:37'),(360,90,4,4.00,'2025-09-16 10:06:37','2025-09-16 10:06:37'),(361,91,1,81.00,'2025-09-16 10:06:37','2025-09-16 10:06:37'),(362,91,2,80.00,'2025-09-16 10:06:37','2025-09-16 10:06:37'),(363,91,3,82.00,'2025-09-16 10:06:37','2025-09-16 10:06:37'),(364,91,4,5.00,'2025-09-16 10:06:37','2025-09-16 10:06:37'),(365,92,1,78.00,'2025-09-16 10:06:37','2025-09-16 10:06:37'),(366,92,2,90.00,'2025-09-16 10:06:37','2025-09-16 10:06:37'),(367,92,3,83.00,'2025-09-16 10:06:37','2025-09-16 10:06:37'),(368,92,4,3.00,'2025-09-16 10:06:37','2025-09-16 10:06:37'),(369,93,1,89.00,'2025-09-16 10:06:37','2025-09-16 10:06:37'),(370,93,2,89.00,'2025-09-16 10:06:37','2025-09-16 10:06:37'),(371,93,3,78.00,'2025-09-16 10:06:37','2025-09-16 10:06:37'),(372,93,4,6.00,'2025-09-16 10:06:37','2025-09-16 10:06:37'),(373,94,1,87.00,'2025-09-16 10:06:37','2025-09-16 10:06:37'),(374,94,2,89.00,'2025-09-16 10:06:37','2025-09-16 10:06:37'),(375,94,3,84.00,'2025-09-16 10:06:37','2025-09-16 10:06:37'),(376,94,4,2.00,'2025-09-16 10:06:37','2025-09-16 10:06:37'),(377,95,1,98.00,'2025-09-16 10:06:37','2025-09-16 10:06:37'),(378,95,2,85.00,'2025-09-16 10:06:37','2025-09-16 10:06:37'),(379,95,3,98.00,'2025-09-16 10:06:37','2025-09-16 10:06:37'),(380,95,4,4.00,'2025-09-16 10:06:37','2025-09-16 10:06:37'),(381,96,1,96.00,'2025-09-16 10:06:37','2025-09-16 10:06:37'),(382,96,2,87.00,'2025-09-16 10:06:37','2025-09-16 10:06:37'),(383,96,3,95.00,'2025-09-16 10:06:37','2025-09-16 10:06:37'),(384,96,4,6.00,'2025-09-16 10:06:37','2025-09-16 10:06:37'),(385,97,1,88.00,'2025-09-16 10:06:37','2025-09-16 10:06:37'),(386,97,2,89.00,'2025-09-16 10:06:37','2025-09-16 10:06:37'),(387,97,3,86.00,'2025-09-16 10:06:37','2025-09-16 10:06:37'),(388,97,4,3.00,'2025-09-16 10:06:37','2025-09-16 10:06:37'),(389,98,1,93.00,'2025-09-16 10:06:37','2025-09-16 10:06:37'),(390,98,2,90.00,'2025-09-16 10:06:37','2025-09-16 10:06:37'),(391,98,3,83.00,'2025-09-16 10:06:37','2025-09-16 10:06:37'),(392,98,4,5.00,'2025-09-16 10:06:37','2025-09-16 10:06:37'),(393,99,1,96.00,'2025-09-16 10:06:37','2025-09-16 10:06:37'),(394,99,2,82.00,'2025-09-16 10:06:37','2025-09-16 10:06:37'),(395,99,3,82.00,'2025-09-16 10:06:37','2025-09-16 10:06:37'),(396,99,4,6.00,'2025-09-16 10:06:37','2025-09-16 10:06:37'),(397,100,1,75.00,'2025-09-16 10:06:37','2025-09-16 10:06:37'),(398,100,2,83.00,'2025-09-16 10:06:37','2025-09-16 10:06:37'),(399,100,3,91.00,'2025-09-16 10:06:37','2025-09-16 10:06:37'),(400,100,4,4.00,'2025-09-16 10:06:37','2025-09-16 10:06:37'),(401,101,1,96.00,'2025-09-16 10:06:37','2025-09-16 10:06:37'),(402,101,2,89.00,'2025-09-16 10:06:37','2025-09-16 10:06:37'),(403,101,3,80.00,'2025-09-16 10:06:37','2025-09-16 10:06:37'),(404,101,4,6.00,'2025-09-16 10:06:37','2025-09-16 10:06:37'),(405,102,1,77.00,'2025-09-16 10:06:37','2025-09-16 10:06:37'),(406,102,2,88.00,'2025-09-16 10:06:37','2025-09-16 10:06:37'),(407,102,3,95.00,'2025-09-16 10:06:37','2025-09-16 10:06:37'),(408,102,4,3.00,'2025-09-16 10:06:37','2025-09-16 10:06:37'),(409,103,1,84.00,'2025-09-16 10:06:37','2025-09-16 10:06:37'),(410,103,2,82.00,'2025-09-16 10:06:37','2025-09-16 10:06:37'),(411,103,3,99.00,'2025-09-16 10:06:37','2025-09-16 10:06:37'),(412,103,4,6.00,'2025-09-16 10:06:37','2025-09-16 10:06:37'),(413,104,1,90.00,'2025-09-16 10:06:37','2025-09-16 10:06:37'),(414,104,2,81.00,'2025-09-16 10:06:37','2025-09-16 10:06:37'),(415,104,3,83.00,'2025-09-16 10:06:37','2025-09-16 10:06:37'),(416,104,4,2.00,'2025-09-16 10:06:37','2025-09-16 10:06:37'),(417,105,1,83.00,'2025-09-16 10:06:37','2025-09-16 10:06:37'),(418,105,2,87.00,'2025-09-16 10:06:37','2025-09-16 10:06:37'),(419,105,3,92.00,'2025-09-16 10:06:37','2025-09-16 10:06:37'),(420,105,4,3.00,'2025-09-16 10:06:37','2025-09-16 10:06:37'),(421,106,1,91.00,'2025-09-16 10:06:37','2025-09-16 10:06:37'),(422,106,2,88.00,'2025-09-16 10:06:37','2025-09-16 10:06:37'),(423,106,3,91.00,'2025-09-16 10:06:37','2025-09-16 10:06:37'),(424,106,4,4.00,'2025-09-16 10:06:37','2025-09-16 10:06:37'),(425,107,1,94.00,'2025-09-16 10:06:37','2025-09-16 10:06:37'),(426,107,2,88.00,'2025-09-16 10:06:37','2025-09-16 10:06:37'),(427,107,3,89.00,'2025-09-16 10:06:37','2025-09-16 10:06:37'),(428,107,4,6.00,'2025-09-16 10:06:37','2025-09-16 10:06:37'),(429,108,1,97.00,'2025-09-16 10:06:37','2025-09-16 10:06:37'),(430,108,2,84.00,'2025-09-16 10:06:37','2025-09-16 10:06:37'),(431,108,3,81.00,'2025-09-16 10:06:37','2025-09-16 10:06:37'),(432,108,4,5.00,'2025-09-16 10:06:37','2025-09-16 10:06:37'),(433,109,1,93.00,'2025-09-16 10:06:37','2025-09-16 10:06:37'),(434,109,2,84.00,'2025-09-16 10:06:37','2025-09-16 10:06:37'),(435,109,3,87.00,'2025-09-16 10:06:37','2025-09-16 10:06:37'),(436,109,4,3.00,'2025-09-16 10:06:37','2025-09-16 10:06:37'),(437,110,1,80.00,'2025-09-16 10:06:37','2025-09-16 10:06:37'),(438,110,2,83.00,'2025-09-16 10:06:37','2025-09-16 10:06:37'),(439,110,3,85.00,'2025-09-16 10:06:37','2025-09-16 10:06:37'),(440,110,4,3.00,'2025-09-16 10:06:37','2025-09-16 10:06:37'),(441,111,1,94.00,'2025-09-16 10:06:37','2025-09-16 10:06:37'),(442,111,2,80.00,'2025-09-16 10:06:37','2025-09-16 10:06:37'),(443,111,3,95.00,'2025-09-16 10:06:37','2025-09-16 10:06:37'),(444,111,4,6.00,'2025-09-16 10:06:37','2025-09-16 10:06:37'),(445,112,1,98.00,'2025-09-16 10:06:37','2025-09-16 10:06:37'),(446,112,2,80.00,'2025-09-16 10:06:37','2025-09-16 10:06:37'),(447,112,3,98.00,'2025-09-16 10:06:37','2025-09-16 10:06:37'),(448,112,4,5.00,'2025-09-16 10:06:37','2025-09-16 10:06:37'),(449,113,1,94.00,'2025-09-16 10:06:37','2025-09-16 10:06:37'),(450,113,2,84.00,'2025-09-16 10:06:37','2025-09-16 10:06:37'),(451,113,3,88.00,'2025-09-16 10:06:37','2025-09-16 10:06:37'),(452,113,4,6.00,'2025-09-16 10:06:37','2025-09-16 10:06:37'),(453,114,1,75.00,'2025-09-16 10:06:37','2025-09-16 10:06:37'),(454,114,2,89.00,'2025-09-16 10:06:37','2025-09-16 10:06:37'),(455,114,3,93.00,'2025-09-16 10:06:37','2025-09-16 10:06:37'),(456,114,4,5.00,'2025-09-16 10:06:37','2025-09-16 10:06:37'),(457,115,1,98.00,'2025-09-16 10:06:37','2025-09-16 10:06:37'),(458,115,2,80.00,'2025-09-16 10:06:37','2025-09-16 10:06:37'),(459,115,3,78.00,'2025-09-16 10:06:37','2025-09-16 10:06:37'),(460,115,4,2.00,'2025-09-16 10:06:37','2025-09-16 10:06:37'),(461,116,1,94.00,'2025-09-16 10:06:37','2025-09-16 10:06:37'),(462,116,2,90.00,'2025-09-16 10:06:37','2025-09-16 10:06:37'),(463,116,3,81.00,'2025-09-16 10:06:37','2025-09-16 10:06:37'),(464,116,4,6.00,'2025-09-16 10:06:37','2025-09-16 10:06:37'),(465,117,1,91.00,'2025-09-16 10:06:37','2025-09-16 10:06:37'),(466,117,2,88.00,'2025-09-16 10:06:37','2025-09-16 10:06:37'),(467,117,3,86.00,'2025-09-16 10:06:37','2025-09-16 10:06:37'),(468,117,4,5.00,'2025-09-16 10:06:37','2025-09-16 10:06:37'),(469,118,1,92.00,'2025-09-16 10:06:37','2025-09-16 10:06:37'),(470,118,2,81.00,'2025-09-16 10:06:37','2025-09-16 10:06:37'),(471,118,3,97.00,'2025-09-16 10:06:37','2025-09-16 10:06:37'),(472,118,4,6.00,'2025-09-16 10:06:37','2025-09-16 10:06:37'),(473,119,1,87.00,'2025-09-16 10:06:37','2025-09-16 10:06:37'),(474,119,2,87.00,'2025-09-16 10:06:37','2025-09-16 10:06:37'),(475,119,3,96.00,'2025-09-16 10:06:37','2025-09-16 10:06:37'),(476,119,4,2.00,'2025-09-16 10:06:37','2025-09-16 10:06:37'),(477,120,1,86.00,'2025-09-16 10:06:37','2025-09-16 10:06:37'),(478,120,2,82.00,'2025-09-16 10:06:37','2025-09-16 10:06:37'),(479,120,3,92.00,'2025-09-16 10:06:37','2025-09-16 10:06:37'),(480,120,4,2.00,'2025-09-16 10:06:37','2025-09-16 10:06:37'),(481,121,1,81.00,'2025-09-16 10:06:37','2025-09-16 10:06:37'),(482,121,2,82.00,'2025-09-16 10:06:37','2025-09-16 10:06:37'),(483,121,3,92.00,'2025-09-16 10:06:37','2025-09-16 10:06:37'),(484,121,4,3.00,'2025-09-16 10:06:37','2025-09-16 10:06:37'),(485,122,1,78.00,'2025-09-16 10:06:37','2025-09-16 10:06:37'),(486,122,2,83.00,'2025-09-16 10:06:37','2025-09-16 10:06:37'),(487,122,3,95.00,'2025-09-16 10:06:37','2025-09-16 10:06:37'),(488,122,4,2.00,'2025-09-16 10:06:37','2025-09-16 10:06:37'),(489,123,1,81.00,'2025-09-16 10:06:37','2025-09-16 10:06:37'),(490,123,2,84.00,'2025-09-16 10:06:37','2025-09-16 10:06:37'),(491,123,3,93.00,'2025-09-16 10:06:37','2025-09-16 10:06:37'),(492,123,4,6.00,'2025-09-16 10:06:37','2025-09-16 10:06:37'),(493,124,1,82.00,'2025-09-16 10:06:37','2025-09-16 10:06:37'),(494,124,2,84.00,'2025-09-16 10:06:37','2025-09-16 10:06:37'),(495,124,3,87.00,'2025-09-16 10:06:37','2025-09-16 10:06:37'),(496,124,4,3.00,'2025-09-16 10:06:37','2025-09-16 10:06:37');
/*!40000 ALTER TABLE `penilaian` ENABLE KEYS */;
UNLOCK TABLES;

--
-- Table structure for table `sessions`
--

DROP TABLE IF EXISTS `sessions`;
/*!40101 SET @saved_cs_client     = @@character_set_client */;
/*!50503 SET character_set_client = utf8mb4 */;
CREATE TABLE `sessions` (
  `id` varchar(255) COLLATE utf8mb4_unicode_ci NOT NULL,
  `user_id` bigint unsigned DEFAULT NULL,
  `ip_address` varchar(45) COLLATE utf8mb4_unicode_ci DEFAULT NULL,
  `user_agent` text COLLATE utf8mb4_unicode_ci,
  `payload` longtext COLLATE utf8mb4_unicode_ci NOT NULL,
  `last_activity` int NOT NULL,
  PRIMARY KEY (`id`),
  KEY `sessions_user_id_index` (`user_id`),
  KEY `sessions_last_activity_index` (`last_activity`)
) ENGINE=InnoDB DEFAULT CHARSET=utf8mb4 COLLATE=utf8mb4_unicode_ci;
/*!40101 SET character_set_client = @saved_cs_client */;

--
-- Dumping data for table `sessions`
--

LOCK TABLES `sessions` WRITE;
/*!40000 ALTER TABLE `sessions` DISABLE KEYS */;
INSERT INTO `sessions` VALUES ('EjS7Wg6ud3yp3ZPdm8TZj9vrgRcfQvD8U1Zhvy1C',NULL,'127.0.0.1','Mozilla/5.0 (Macintosh; Intel Mac OS X 10_15_7) AppleWebKit/537.36 (KHTML, like Gecko) Chrome/140.0.0.0 Safari/537.36','YTozOntzOjY6Il90b2tlbiI7czo0MDoiRnplVUlyUVRVVUtCYzZqWkRHcnBGRVVuTlYzZHdhQTZ0UDFxWml5RSI7czo5OiJfcHJldmlvdXMiO2E6MTp7czozOiJ1cmwiO3M6Mjc6Imh0dHA6Ly9sb2NhbGhvc3Q6ODAwMC9oYXNpbCI7fXM6NjoiX2ZsYXNoIjthOjI6e3M6Mzoib2xkIjthOjA6e31zOjM6Im5ldyI7YTowOnt9fX0=',1758161822),('RV7CJqlQVmkCvxML9YWKipQ1feiGnIHY3YmTFdUl',NULL,'127.0.0.1','Mozilla/5.0 (Macintosh; Intel Mac OS X 10_15_7) AppleWebKit/537.36 (KHTML, like Gecko) Chrome/140.0.0.0 Safari/537.36','YTozOntzOjY6Il90b2tlbiI7czo0MDoiSEFhMW1MWUh2Z0R2Vmp5V28wdzJiVmhVVVJJQkpKSXAycTJBUU9RNCI7czo5OiJfcHJldmlvdXMiO2E6MTp7czozOiJ1cmwiO3M6Mjc6Imh0dHA6Ly9sb2NhbGhvc3Q6ODAwMC9oYXNpbCI7fXM6NjoiX2ZsYXNoIjthOjI6e3M6Mzoib2xkIjthOjA6e31zOjM6Im5ldyI7YTowOnt9fX0=',1758131335),('vdFiY2QLxoekd8K7jzT5KukrZ3qnltDDU3x58Gzr',NULL,'127.0.0.1','Mozilla/5.0 (Macintosh; Intel Mac OS X 10_15_7) AppleWebKit/537.36 (KHTML, like Gecko) Chrome/140.0.0.0 Safari/537.36','YTozOntzOjY6Il90b2tlbiI7czo0MDoicFhuVTRBNUhHVEFHZ3NYZWxldFVZR1R0bVU3VU00d0NCbVBPcHNDVyI7czo5OiJfcHJldmlvdXMiO2E6MTp7czozOiJ1cmwiO3M6Mzc6Imh0dHA6Ly9sb2NhbGhvc3Q6ODAwMC9wZXJoaXR1bmdhbi9zYXciO31zOjY6Il9mbGFzaCI7YToyOntzOjM6Im9sZCI7YTowOnt9czozOiJuZXciO2E6MDp7fX19',1758043052),('ZYNvoABwVoz8dLes5NsR73yTwNCwq81dxPDW9v0c',NULL,'127.0.0.1','Mozilla/5.0 (Macintosh; Intel Mac OS X 10_15_7) AppleWebKit/537.36 (KHTML, like Gecko) Chrome/140.0.0.0 Safari/537.36','YTozOntzOjY6Il90b2tlbiI7czo0MDoib0pUVFlGZk9UNU5PbEF1dmdDaXRTeTRrM2JGS2lVbXdla1ZhZGFqMyI7czo5OiJfcHJldmlvdXMiO2E6MTp7czozOiJ1cmwiO3M6Mzg6Imh0dHA6Ly9sb2NhbGhvc3Q6ODAwMC9wZXJoaXR1bmdhbi9hcmFzIjt9czo2OiJfZmxhc2giO2E6Mjp7czozOiJvbGQiO2E6MDp7fXM6MzoibmV3IjthOjA6e319fQ==',1758074026);
/*!40000 ALTER TABLE `sessions` ENABLE KEYS */;
UNLOCK TABLES;

--
-- Table structure for table `users`
--

DROP TABLE IF EXISTS `users`;
/*!40101 SET @saved_cs_client     = @@character_set_client */;
/*!50503 SET character_set_client = utf8mb4 */;
CREATE TABLE `users` (
  `id` bigint unsigned NOT NULL AUTO_INCREMENT,
  `name` varchar(255) COLLATE utf8mb4_unicode_ci NOT NULL,
  `email` varchar(255) COLLATE utf8mb4_unicode_ci NOT NULL,
  `email_verified_at` timestamp NULL DEFAULT NULL,
  `password` varchar(255) COLLATE utf8mb4_unicode_ci NOT NULL,
  `remember_token` varchar(100) COLLATE utf8mb4_unicode_ci DEFAULT NULL,
  `created_at` timestamp NULL DEFAULT NULL,
  `updated_at` timestamp NULL DEFAULT NULL,
  PRIMARY KEY (`id`),
  UNIQUE KEY `users_email_unique` (`email`)
) ENGINE=InnoDB DEFAULT CHARSET=utf8mb4 COLLATE=utf8mb4_unicode_ci;
/*!40101 SET character_set_client = @saved_cs_client */;

--
-- Dumping data for table `users`
--

LOCK TABLES `users` WRITE;
/*!40000 ALTER TABLE `users` DISABLE KEYS */;
/*!40000 ALTER TABLE `users` ENABLE KEYS */;
UNLOCK TABLES;

--
-- Dumping routines for database 'spk_aras'
--
/*!40103 SET TIME_ZONE=@OLD_TIME_ZONE */;

/*!40101 SET SQL_MODE=@OLD_SQL_MODE */;
/*!40014 SET FOREIGN_KEY_CHECKS=@OLD_FOREIGN_KEY_CHECKS */;
/*!40014 SET UNIQUE_CHECKS=@OLD_UNIQUE_CHECKS */;
/*!40101 SET CHARACTER_SET_CLIENT=@OLD_CHARACTER_SET_CLIENT */;
/*!40101 SET CHARACTER_SET_RESULTS=@OLD_CHARACTER_SET_RESULTS */;
/*!40101 SET COLLATION_CONNECTION=@OLD_COLLATION_CONNECTION */;
/*!40111 SET SQL_NOTES=@OLD_SQL_NOTES */;

-- Dump completed on 2025-09-19  7:05:11
